clientid;income;sexo;Produto;age;loan;default;tempo
1;66156;1;prodA;59;8107;0;10
2;34415;1;prodA;48;6565;0;10
3;57317;1;prodA;63;8021;0;9
4;42710;1;prodA;46;6104;0;8
5;66953;1;prodA;19;8770;1;8
6;24904;1;prodA;57;16;0;9
7;48430;1;prodA;27;5723;0;8
8;24500;1;prodA;33;2971;1;52
9;40655;1;prodA;56;4756;0;1
10;25076;1;prodA;40;1409;0;7
11;64131;1;prodA;26;4351;0;8
12;59437;1;prodA;60;9254;0;2
13;61050;1;prodA;26;5893;0;6
14;27268;1;prodA;62;4760;0;7
15;63062;1;prodA;39;1850;0;6
16;50502;1;prodA;-28;3977;0;9
17;43549;1;prodA;40;3936;0;0
18;43378;1;prodA;61;3278;0;10
19;20542;1;prodA;62;3157;0;0
20;58887;1;prodA;26;4966;0;5
21;23001;1;prodA;32;1148;0;9
22;32198;1;prodA;-52;4244;0;4
23;23329;1;prodA;49;223;0;4
24;27846;1;prodA;52;4960;0;5
25;65302;1;prodA;49;5465;0;3
26;47452;1;prodA;27;5361;0;0
27;63287;1;prodA;-37;9595;0;10
28;45727;1;prodA;56;6377;0;4
29;59418;1;prodA;;2083;0;10
30;58843;1;prodA;55;10871;0;9
31;48529;1;prodA;;6156;0;3
32;23526;1;prodA;;2862;0;4
33;67253;1;prodA;38;4221;0;1
34;58887;1;prodA;39;7272;0;0
35;57585;1;prodA;37;1728;0;5
36;26290;1;prodA;21;341;0;5
37;25952;1;prodA;58;2109;0;8
38;32464;1;prodA;50;4327;0;5
39;60921;1;prodA;19;969;0;5
40;26579;1;prodA;33;3490;1;39
41;66260;1;prodA;33;7036;0;5
42;58787;1;prodA;63;4168;0;6
43;62546;1;prodA;49;4363;0;4
44;24382;1;prodA;25;4227;1;53
45;67852;1;prodA;47;5731;0;10
46;41726;1;prodA;18;1185;0;4
47;41897;1;prodA;47;4892;0;3
48;44380;1;prodA;50;1814;0;8
49;28417;1;prodA;58;1789;0;3
50;68427;1;prodA;46;1658;0;9
51;35976;1;prodA;36;6610;0;1
52;57596;1;prodA;29;3344;0;6
53;29682;1;prodA;55;1746;0;4
54;51657;1;prodA;48;7158;0;5
55;24913;1;prodA;49;268;0;9
56;47762;1;prodA;50;5550;0;1
57;22248;1;prodA;23;4365;1;39
58;29724;1;prodA;32;3075;0;1
59;52144;1;prodA;21;2393;0;6
60;56578;1;prodA;37;5947;0;2
61;37661;1;prodA;54;2130;0;1
62;37404;1;prodA;48;2044;0;9
63;31653;1;prodA;62;5151;0;9
64;32728;1;prodA;34;1088;0;3
65;69079;1;prodA;25;4077;0;2
66;40622;1;prodA;42;4950;0;5
67;37521;1;prodA;61;8;0;0
68;30736;1;prodA;22;5947;1;13
69;24858;1;prodA;22;2692;0;6
70;33180;1;prodA;50;4622;0;1
71;66628;1;prodA;52;5993;0;7
72;38565;1;prodA;21;5604;1;29
73;33705;1;prodA;33;5898;1;15
74;57018;1;prodA;45;3507;0;5
75;40527;1;prodA;29;2120;0;7
76;50828;1;prodA;51;1766;0;7
77;40776;1;prodA;60;1923;0;6
78;55467;1;prodA;57;9227;0;6
79;38789;1;prodA;61;7651;0;2
80;58075;1;prodA;50;7388;0;1
81;57814;1;prodA;44;7252;0;0
82;45191;1;prodA;54;7894;0;4
83;36802;1;prodA;43;5406;0;9
84;68812;1;prodA;24;4211;0;9
85;30483;1;prodA;34;4514;1;6
86;44930;1;prodA;20;7708;1;59
87;43671;1;prodA;26;8067;1;13
88;27613;1;prodA;19;1514;0;10
89;53607;1;prodA;28;2379;0;6
90;33037;1;prodA;25;959;0;5
91;64276;1;prodA;61;7520;0;1
92;30674;1;prodA;59;383;0;5
93;58794;1;prodA;56;4392;0;1
94;21053;1;prodA;63;755;0;3
95;42095;1;prodA;55;1184;0;9
96;50361;1;prodA;29;4217;0;6
97;41971;1;prodA;63;1622;0;10
98;51663;1;prodA;64;4148;0;10
99;53602;1;prodA;20;9601;1;35
100;43440;1;prodA;24;6879;1;33
101;51461;1;prodA;37;7292;0;6
102;41285;1;prodA;48;2314;0;2
103;62896;1;prodA;50;2001;0;5
104;57296;1;prodA;26;10601;1;21
105;60844;1;prodA;46;12072;0;8
106;47635;1;prodA;44;142;0;5
107;23998;1;prodA;30;3928;1;57
108;63392;1;prodA;35;191;0;0
109;21535;1;prodA;44;228;0;10
110;28256;1;prodA;36;2109;0;7
111;36496;1;prodA;20;166;0;1
112;41632;1;prodA;53;106;0;10
113;68762;1;prodA;21;2797;0;8
114;30075;1;prodA;29;2629;0;2
115;41303;1;prodA;39;1380;0;7
116;39704;1;prodA;47;2403;0;2
117;63161;1;prodA;60;804;0;5
118;63062;1;prodA;27;56;0;3
119;34508;1;prodA;39;1794;0;4
120;27955;1;prodA;30;1627;0;0
121;37369;1;prodA;35;3784;0;10
122;43912;1;prodA;24;7757;1;34
123;22767;1;prodA;29;1429;0;10
124;21603;1;prodA;21;178;0;8
125;61953;1;prodA;18;3636;0;7
126;36116;1;prodA;23;1495;0;4
127;26158;1;prodA;23;2296;0;2
128;26458;1;prodA;60;552;0;9
129;69156;1;prodA;53;7365;0;5
130;39441;1;prodA;47;1035;0;1
131;60119;1;prodA;45;1811;0;5
132;55613;1;prodA;24;4255;0;10
133;37049;1;prodA;29;6057;1;5
134;23122;1;prodA;53;4263;0;0
135;48790;1;prodA;32;5519;0;0
136;59133;1;prodA;48;4576;0;6
137;55306;1;prodA;54;8177;0;2
138;26037;1;prodA;25;3293;1;60
139;64900;1;prodA;38;4654;0;9
140;27089;1;prodA;21;5029;1;48
141;45341;1;prodA;23;6525;1;26
142;24866;1;prodA;37;4439;0;5
143;28240;1;prodA;26;4190;1;58
144;52730;1;prodA;50;5706;0;4
145;28982;1;prodA;39;2899;0;0
146;36221;1;prodA;26;5095;1;21
147;33551;1;prodA;59;4333;0;5
148;43891;1;prodA;49;5793;0;10
149;45149;1;prodA;61;6455;0;7
150;58481;1;prodA;41;5381;0;8
151;69580;1;prodA;58;10868;0;0
152;52743;1;prodA;44;2685;0;6
153;65636;1;prodA;51;12702;0;1
154;34560;1;prodA;29;3318;0;6
155;60219;1;prodA;32;3158;0;7
156;51690;1;prodA;46;9882;0;10
157;47542;1;prodA;55;1611;0;2
158;62906;1;prodA;28;11424;1;51
159;65633;1;prodA;47;12498;0;8
160;31848;1;prodA;41;2914;0;3
161;27947;1;prodA;58;5514;0;4
162;62247;1;prodA;31;407;0;5
163;40155;1;prodA;61;6013;0;10
164;58628;1;prodA;33;1216;0;3
165;33441;1;prodA;28;5283;1;46
166;55604;1;prodA;44;1411;0;0
167;31046;1;prodA;29;4908;1;32
168;44708;1;prodA;21;2391;0;0
169;23340;1;prodA;43;2708;0;9
170;24830;1;prodA;29;2047;0;0
171;31423;1;prodA;54;1687;0;9
172;60477;1;prodA;60;10712;0;7
173;26039;1;prodA;49;2057;0;9
174;36187;1;prodA;51;1131;0;6
175;39772;1;prodA;44;5493;0;2
176;34730;1;prodA;63;819;0;1
177;23118;1;prodA;58;1747;0;6
178;50073;1;prodA;33;8089;1;59
179;67465;1;prodA;24;1803;0;6
180;38626;1;prodA;20;5837;1;55
181;45227;1;prodA;27;5522;1;55
182;64902;1;prodA;45;9590;0;1
183;40544;1;prodA;51;6508;0;0
184;27793;1;prodA;61;382;0;3
185;61168;1;prodA;21;10397;1;53
186;64620;1;prodA;26;9705;1;47
187;37594;1;prodA;54;7274;0;8
188;35033;1;prodA;57;136;0;10
189;58364;1;prodA;56;5810;0;4
190;56946;1;prodA;46;6388;0;7
191;27205;1;prodA;29;3828;1;55
192;21648;1;prodA;53;3559;0;8
193;31078;1;prodA;44;4452;0;6
194;42523;1;prodA;54;6791;0;0
195;31769;1;prodA;45;1148;0;1
196;35557;1;prodA;24;6362;1;60
197;52909;1;prodA;54;9841;0;8
198;35045;1;prodA;29;2382;0;4
199;44488;1;prodA;33;2751;0;7
200;41680;1;prodA;54;395;0;4
201;54620;1;prodA;52;10780;0;9
202;38054;1;prodA;26;6111;1;54
203;64719;1;prodA;37;1485;0;7
204;43159;1;prodA;62;4350;0;1
205;29446;1;prodA;28;1759;0;6
206;25817;1;prodA;38;4115;0;7
207;66357;1;prodA;62;10725;0;8
208;56676;1;prodA;47;2279;0;10
209;61000;1;prodA;49;2161;0;10
210;58906;1;prodA;42;9291;0;8
211;49589;1;prodA;43;2627;0;0
212;40142;1;prodA;56;845;0;9
213;31660;1;prodA;32;859;0;0
214;62658;1;prodA;25;3343;0;0
215;39264;1;prodA;37;5256;0;7
216;46643;1;prodA;53;6441;0;8
217;30515;1;prodA;20;415;0;1
218;65077;1;prodA;51;11062;0;4
219;60872;1;prodA;61;4844;0;5
220;25011;1;prodA;36;3834;0;6
221;68407;1;prodA;61;598;0;10
222;43727;1;prodA;55;1171;0;2
223;45789;1;prodA;41;5894;0;0
224;65705;1;prodA;51;1970;0;1
225;32435;1;prodA;41;2738;0;6
226;58122;1;prodA;27;7531;1;42
227;62499;1;prodA;32;3313;0;9
228;26091;1;prodA;48;4256;0;6
229;64781;1;prodA;20;8402;1;46
230;65588;1;prodA;23;7880;1;48
231;65744;1;prodA;52;7725;0;5
232;37165;1;prodA;47;1446;0;3
233;65177;1;prodA;49;2365;0;3
234;34616;1;prodA;26;6477;1;59
235;59079;1;prodA;59;10326;0;10
236;56267;1;prodA;22;7329;1;60
237;34863;1;prodA;55;6041;0;9
238;60521;1;prodA;45;8036;0;2
239;42277;1;prodA;58;8055;0;0
240;38451;1;prodA;63;3441;0;9
241;45985;1;prodA;54;7382;0;1
242;51000;1;prodA;28;779;0;5
243;31523;1;prodA;40;5175;0;2
244;28649;1;prodA;18;1871;0;7
245;27514;1;prodA;22;3401;1;42
246;27441;1;prodA;37;1455;0;6
247;67709;1;prodA;50;5137;0;0
248;38601;1;prodA;45;2749;0;0
249;30950;1;prodA;26;5043;1;51
250;27084;1;prodA;61;3286;0;7
251;21513;1;prodA;25;2453;0;4
252;34796;1;prodA;58;444;0;9
253;27089;1;prodA;51;1851;0;7
254;25259;1;prodA;40;4341;0;10
255;47007;1;prodA;45;4069;0;5
256;20359;1;prodA;54;1065;0;4
257;67900;1;prodA;44;7903;0;1
258;54418;1;prodA;55;5631;0;6
259;51289;1;prodA;30;6537;1;43
260;28200;1;prodA;37;3872;0;4
261;22200;1;prodA;60;1498;0;9
262;50514;1;prodA;57;2004;0;5
263;34414;1;prodA;55;618;0;4
264;37633;1;prodA;29;868;0;6
265;55236;1;prodA;47;4911;0;10
266;45588;1;prodA;62;8367;0;3
267;52758;1;prodA;53;2321;0;5
268;41175;1;prodA;52;2888;0;6
269;25686;1;prodA;39;491;0;9
270;28145;1;prodA;56;4806;0;5
271;52094;1;prodA;41;495;0;9
272;33552;1;prodA;25;6054;1;47
273;37401;1;prodA;50;1693;0;6
274;21606;1;prodA;23;2828;1;51
275;57563;1;prodA;57;8509;0;6
276;62289;1;prodA;26;10657;1;46
277;22767;1;prodA;45;1206;0;2
278;20943;1;prodA;20;4098;1;54
279;20623;1;prodA;30;3518;1;41
280;48437;1;prodA;49;5851;0;3
281;27575;1;prodA;58;1017;0;3
282;62889;1;prodA;33;6525;0;6
283;37683;1;prodA;56;7415;0;2
284;54974;1;prodA;62;8922;0;9
285;56326;1;prodA;40;4817;0;6
286;65671;1;prodA;50;3951;0;0
287;50731;1;prodA;42;1879;0;5
288;64185;1;prodA;46;1854;0;3
289;66179;1;prodA;48;3647;0;10
290;24970;1;prodA;45;3596;0;8
291;54926;1;prodA;41;554;0;7
292;67879;1;prodA;44;10433;0;8
293;67788;1;prodA;53;9608;0;8
294;31658;1;prodA;38;1448;0;1
295;36559;1;prodA;20;3030;0;0
296;57788;1;prodA;23;6340;0;0
297;42522;1;prodA;48;2662;0;3
298;51935;1;prodA;22;5649;0;8
299;45678;1;prodA;52;2966;0;8
300;51364;1;prodA;21;761;0;10
301;27219;1;prodA;55;4145;0;3
302;43678;1;prodA;33;6740;1;42
303;21534;1;prodA;58;1972;0;4
304;28010;1;prodA;55;3971;0;9
305;51589;1;prodA;50;57;0;4
306;50481;1;prodA;27;8831;1;52
307;43957;1;prodA;21;5416;1;44
308;61878;1;prodA;33;568;0;9
309;60153;1;prodA;20;6472;0;2
310;33389;1;prodA;62;4552;0;0
311;41310;1;prodA;54;4481;0;5
312;25577;1;prodA;52;1923;0;7
313;51455;1;prodA;37;9447;0;10
314;48134;1;prodA;48;2076;0;7
315;51349;1;prodA;52;1508;0;2
316;20533;1;prodA;55;1898;0;5
317;33297;1;prodA;47;3675;0;7
318;55859;1;prodA;26;5630;0;9
319;43778;1;prodA;20;3601;0;8
320;27790;1;prodA;59;187;0;5
321;36132;1;prodA;34;99;0;6
322;20146;1;prodA;21;840;0;9
323;63109;1;prodA;43;5758;0;3
324;26582;1;prodA;62;5090;0;2
325;62041;1;prodA;62;7644;0;4
326;69959;1;prodA;31;8756;1;59
327;38083;1;prodA;46;4213;0;6
328;45183;1;prodA;34;5953;1;56
329;36242;1;prodA;39;5689;0;3
330;44527;1;prodA;42;4588;0;1
331;40496;1;prodA;20;4835;0;1
332;24699;1;prodA;49;2428;0;8
333;60560;1;prodA;50;1995;0;2
334;48018;1;prodA;50;6120;0;4
335;30216;1;prodA;27;2117;0;1
336;61742;1;prodA;45;8068;0;0
337;47288;1;prodA;62;4005;0;10
338;24659;1;prodA;59;591;0;8
339;64644;1;prodA;59;9848;0;5
340;57518;1;prodA;52;4537;0;8
341;52946;1;prodA;55;6262;0;2
342;36367;1;prodA;47;371;0;7
343;62114;1;prodA;28;11929;1;53
344;62280;1;prodA;27;6801;0;0
345;61799;1;prodA;57;5619;0;3
346;50140;1;prodA;30;7759;1;53
347;69567;1;prodA;53;9875;0;4
348;44897;1;prodA;51;5732;0;5
349;22572;1;prodA;51;724;0;4
350;37123;1;prodA;20;5660;1;50
351;68745;1;prodA;61;5208;0;5
352;21081;1;prodA;52;2395;0;8
353;58828;1;prodA;32;5948;0;7
354;46706;1;prodA;19;7084;1;55
355;32313;1;prodA;28;228;0;3
356;60779;1;prodA;43;10021;0;3
357;30948;1;prodA;43;3996;0;10
358;60122;1;prodA;63;7189;0;1
359;43322;1;prodA;32;744;0;4
360;47904;1;prodA;40;6184;0;6
361;58597;1;prodA;53;2588;0;9
362;66092;1;prodA;24;8744;1;48
363;47317;1;prodA;27;1941;0;9
364;40873;1;prodA;55;5312;0;10
365;35154;1;prodA;53;4038;0;8
366;32223;1;prodA;62;934;0;8
367;40448;1;prodA;22;1072;0;10
368;48463;1;prodA;51;8120;0;4
369;42843;1;prodA;29;840;0;4
370;50310;1;prodA;53;8362;0;8
371;57565;1;prodA;38;5354;0;6
372;55066;1;prodA;56;9333;0;0
373;46066;1;prodA;53;4947;0;9
374;38310;1;prodA;55;3546;0;1
375;54472;1;prodA;59;10836;0;7
376;58695;1;prodA;30;1827;0;2
377;54749;1;prodA;32;5438;0;0
378;46328;1;prodA;57;7880;0;4
379;49633;1;prodA;39;7915;0;7
380;66340;1;prodA;36;2351;0;10
381;62651;1;prodA;33;6425;0;1
382;27647;1;prodA;56;3132;0;6
383;21438;1;prodA;46;2564;0;0
384;50648;1;prodA;57;7111;0;5
385;29671;1;prodA;54;2929;0;2
386;20259;1;prodA;29;2768;1;49
387;34475;1;prodA;42;3162;0;4
388;28926;1;prodA;62;750;0;0
389;20661;1;prodA;49;1756;0;6
390;24988;1;prodA;49;3947;0;4
391;29673;1;prodA;51;608;0;10
392;23242;1;prodA;41;457;0;3
393;24217;1;prodA;24;2104;0;6
394;65574;1;prodA;24;3031;0;1
395;55994;1;prodA;31;681;0;7
396;67369;1;prodA;58;2299;0;2
397;23306;1;prodA;28;4521;1;44
398;35195;1;prodA;50;2837;0;0
399;27135;1;prodA;55;1387;0;3
400;24037;1;prodA;23;2469;0;9
401;51625;1;prodA;45;4592;0;8
402;50706;1;prodA;53;1097;0;10
403;58079;1;prodA;19;11540;1;59
404;62192;1;prodA;46;1864;0;9
405;62554;1;prodA;64;4642;0;10
406;68148;1;prodA;23;12308;1;58
407;27620;1;prodA;48;2775;0;6
408;65330;1;prodA;29;4031;0;1
409;26680;1;prodA;48;1671;0;2
410;46105;1;prodA;51;2342;0;8
411;44905;1;prodA;44;4954;0;6
412;52935;1;prodA;50;3249;0;8
413;43510;1;prodA;18;7363;1;55
414;22118;1;prodA;63;3928;0;0
415;56275;1;prodA;30;2225;0;10
416;48631;1;prodA;27;5863;1;52
417;64273;1;prodA;38;4930;0;0
418;24349;1;prodA;54;3890;0;7
419;34332;1;prodA;37;1226;0;2
420;64940;1;prodA;44;8197;0;10
421;30596;1;prodA;41;3495;0;3
422;53422;1;prodA;28;7442;1;53
423;69996;1;prodA;53;2084;0;0
424;48271;1;prodA;45;6232;0;3
425;27028;1;prodA;48;331;0;4
426;23520;1;prodA;34;2368;0;5
427;37302;1;prodA;35;2366;0;5
428;55601;1;prodA;19;10533;1;43
429;62679;1;prodA;26;333;0;8
430;41602;1;prodA;25;7005;1;51
431;27533;1;prodA;47;1551;0;2
432;30594;1;prodA;50;118;0;2
433;47847;1;prodA;24;3713;0;0
434;55273;1;prodA;25;10283;1;41
435;23086;1;prodA;25;1256;0;4
436;29621;1;prodA;32;5575;1;46
437;47534;1;prodA;40;6638;0;0
438;62519;1;prodA;44;2325;0;8
439;50879;1;prodA;45;3257;0;3
440;58581;1;prodA;57;4318;0;7
441;69446;1;prodA;29;10643;1;49
442;60929;1;prodA;60;11146;0;4
443;35497;1;prodA;47;168;0;10
444;33572;1;prodA;57;3369;0;5
445;55307;1;prodA;20;5273;0;0
446;34142;1;prodA;47;3372;0;2
447;40454;1;prodA;21;891;0;4
448;69089;1;prodA;54;11246;0;10
449;30886;1;prodA;55;5216;0;7
450;58683;1;prodA;25;272;0;4
451;60676;1;prodA;40;11618;0;4
452;68461;1;prodA;36;950;0;6
453;63654;1;prodA;28;8867;1;46
454;42523;1;prodA;18;5036;0;3
455;54140;1;prodA;31;7896;1;41
456;47548;1;prodA;48;6154;0;2
457;24114;1;prodA;52;3901;0;0
458;20686;1;prodA;33;3053;1;56
459;21412;1;prodA;26;2640;1;59
460;69391;1;prodA;64;2550;0;5
461;32319;1;prodA;43;2733;0;6
462;52863;1;prodA;47;9754;0;5
463;48383;1;prodA;40;2763;0;0
464;36431;1;prodA;38;5855;0;8
465;44269;1;prodA;28;6043;1;46
466;63806;1;prodA;57;115;0;3
467;46196;1;prodA;32;927;0;9
468;23743;1;prodA;43;3255;0;1
469;22090;1;prodA;21;2584;0;4
470;54707;1;prodA;44;10255;0;10
471;23204;1;prodA;59;749;0;9
472;25342;1;prodA;40;872;0;7
473;31646;1;prodA;32;5194;1;46
474;32307;1;prodA;22;3603;0;10
475;61263;1;prodA;49;5564;0;2
476;26389;1;prodA;19;1191;0;9
477;53009;1;prodA;36;3589;0;7
478;58164;1;prodA;59;2238;0;9
479;38665;1;prodA;55;6152;0;10
480;25289;1;prodA;53;3702;0;5
481;66050;1;prodA;29;13173;1;54
482;56283;1;prodA;62;8216;0;6
483;35779;1;prodA;31;5545;1;51
484;29174;1;prodA;19;666;0;9
485;55934;1;prodA;61;5643;0;10
486;32257;1;prodA;20;2809;0;3
487;68053;1;prodA;29;1416;0;5
488;26957;1;prodA;55;4173;0;6
489;48685;1;prodA;33;9699;1;55
490;38288;1;prodA;29;1723;0;0
491;42468;1;prodA;29;1902;0;0
492;55378;1;prodA;47;6883;0;4
493;54232;1;prodA;21;10156;1;57
494;53283;1;prodA;49;4065;0;0
495;52535;1;prodA;47;3810;0;1
496;47848;1;prodA;27;8494;1;56
497;59998;1;prodA;54;4660;0;2
498;58685;1;prodA;32;5416;0;9
499;49115;1;prodA;61;6389;0;10
500;57179;1;prodA;21;2992;0;0
501;69395;1;prodA;24;11048;1;42
502;43964;1;prodA;42;4481;0;1
503;66326;1;prodA;41;5602;0;6
504;35887;1;prodA;35;844;0;9
505;35578;1;prodA;42;3641;0;3
506;48689;1;prodA;37;3859;0;9
507;56511;1;prodA;47;9255;0;1
508;50276;1;prodA;42;5542;0;6
509;56665;1;prodA;62;11160;0;8
510;42912;1;prodA;61;4550;0;1
511;22170;1;prodA;37;947;0;2
512;35920;1;prodA;27;1227;0;2
513;61988;1;prodA;28;2618;0;9
514;30045;1;prodA;50;1428;0;8
515;61528;1;prodA;56;10898;0;5
516;31196;1;prodA;47;987;0;5
517;66004;1;prodA;33;11208;1;57
518;56961;1;prodA;26;4856;0;9
519;41315;1;prodA;58;1379;0;1
520;64913;1;prodA;27;9781;1;59
521;32805;1;prodA;62;4961;0;9
522;25789;1;prodA;26;2410;0;3
523;31908;1;prodA;38;1857;0;10
524;56050;1;prodA;24;6871;1;46
525;66506;1;prodA;26;6571;0;3
526;57504;1;prodA;56;8107;0;7
527;44619;1;prodA;60;2475;0;1
528;21159;1;prodA;54;3562;0;6
529;22765;1;prodA;21;541;0;8
530;25053;1;prodA;46;3368;0;3
531;61006;1;prodA;54;5851;0;0
532;62321;1;prodA;46;10649;0;4
533;49605;1;prodA;52;7046;0;4
534;48433;1;prodA;29;790;0;2
535;57590;1;prodA;20;7676;1;48
536;62692;1;prodA;25;8245;1;46
537;51122;1;prodA;59;6472;0;6
538;22517;1;prodA;56;4267;0;6
539;60857;1;prodA;37;10487;0;1
540;62908;1;prodA;51;3214;0;5
541;49666;1;prodA;50;2714;0;1
542;65323;1;prodA;41;2740;0;7
543;20599;1;prodA;36;3872;0;8
544;55477;1;prodA;52;4734;0;9
545;26218;1;prodA;18;3344;1;40
546;40795;1;prodA;38;6519;0;9
547;53720;1;prodA;43;1671;0;1
548;20716;1;prodA;28;370;0;9
549;57164;1;prodA;54;578;0;9
550;33751;1;prodA;25;6494;1;42
551;44833;1;prodA;32;1256;0;8
552;51036;1;prodA;59;2890;0;8
553;53493;1;prodA;22;5031;0;6
554;58206;1;prodA;57;10036;0;4
555;47440;1;prodA;22;7896;1;43
556;47586;1;prodA;42;3343;0;6
557;26101;1;prodA;62;960;0;6
558;45326;1;prodA;59;5142;0;6
559;24392;1;prodA;47;2198;0;8
560;53741;1;prodA;50;6513;0;0
561;40054;1;prodA;28;45;0;0
562;53034;1;prodA;38;10427;0;8
563;25177;1;prodA;54;3065;0;1
564;31211;1;prodA;54;3853;0;3
565;23532;1;prodA;60;1078;0;10
566;63777;1;prodA;44;6698;0;10
567;52279;1;prodA;46;4269;0;0
568;56016;1;prodA;33;2276;0;1
569;56111;1;prodA;63;9351;0;5
570;57857;1;prodA;34;8824;1;44
571;30187;1;prodA;28;4463;1;43
572;30787;1;prodA;47;3563;0;5
573;22279;1;prodA;59;3141;0;4
574;42476;1;prodA;46;8334;0;9
575;58148;1;prodA;34;3951;0;2
576;36266;1;prodA;56;3207;0;6
577;39046;1;prodA;27;1165;0;1
578;64468;1;prodA;63;522;0;6
579;36595;1;prodA;61;3492;0;8
580;58798;1;prodA;53;8893;0;6
581;66653;1;prodA;20;5181;0;9
582;48272;1;prodA;22;6078;1;54
583;30991;1;prodA;34;4589;1;54
584;45447;1;prodA;19;8475;1;45
585;37143;1;prodA;50;161;0;2
586;58321;1;prodA;20;10033;1;40
587;24826;1;prodA;55;3650;0;0
588;20511;1;prodA;27;932;0;3
589;48326;1;prodA;36;7169;0;8
590;55441;1;prodA;48;10769;0;9
591;60497;1;prodA;34;1115;0;5
592;25296;1;prodA;44;1320;0;3
593;50414;1;prodA;56;2468;0;9
594;67984;1;prodA;27;1643;0;6
595;50382;1;prodA;57;9184;0;8
596;49413;1;prodA;19;2554;0;3
597;61465;1;prodA;36;5099;0;4
598;53784;1;prodA;24;2762;0;0
599;35993;1;prodA;42;902;0;7
600;63402;1;prodA;47;7531;0;1
601;40485;1;prodA;39;1094;0;0
602;26168;1;prodA;42;3041;0;1
603;60044;1;prodA;61;6823;0;8
604;23985;1;prodA;51;4622;0;3
605;40360;1;prodA;32;1784;0;0
606;33584;1;prodA;62;1252;0;7
607;68039;1;prodA;63;10109;0;8
608;45652;1;prodA;54;5408;0;3
609;34399;1;prodA;32;6020;1;50
610;57628;1;prodA;24;5022;0;4
611;24295;1;prodA;22;4360;1;58
612;52219;1;prodA;38;9792;0;0
613;50062;1;prodA;55;6145;0;2
614;49352;1;prodA;58;3363;0;9
615;21087;1;prodB;49;3354;0;7
616;23812;1;prodB;43;2717;0;1
617;49395;1;prodB;41;5928;0;3
618;33339;1;prodB;47;2930;0;6
619;29668;1;prodB;39;2042;0;6
620;45937;1;prodB;42;8525;0;2
621;55948;1;prodB;40;8569;0;6
622;53240;1;prodB;64;4606;0;5
623;43694;1;prodB;50;5050;0;8
624;24078;1;prodB;38;3276;0;3
625;50259;1;prodB;23;1086;0;1
626;41817;1;prodB;49;4535;0;9
627;36893;1;prodB;54;6464;0;2
628;23887;1;prodA;34;4440;1;60
629;48758;1;prodB;23;1834;0;9
630;34602;1;prodB;34;2430;0;1
631;52986;1;prodB;50;4929;0;9
632;50741;1;prodB;22;785;0;10
633;53097;1;prodB;36;2663;0;3
634;38500;1;prodB;54;7572;0;10
635;41004;1;prodB;56;1016;0;6
636;63585;1;prodB;49;1595;0;2
637;31824;1;prodB;31;2290;0;4
638;26243;1;prodB;33;1801;0;4
639;63531;1;prodB;19;6918;0;1
640;64751;1;prodB;54;2290;0;4
641;31091;1;prodB;51;4071;0;8
642;66871;1;prodB;63;3614;0;8
643;25099;1;prodB;52;2612;0;8
644;33721;1;prodB;47;1366;0;3
645;28183;1;prodB;26;2286;0;1
646;27335;1;prodB;43;2964;0;6
647;68695;1;prodA;23;12732;1;41
648;46196;1;prodB;27;2889;0;6
649;34488;1;prodB;27;2156;0;4
650;57828;1;prodA;24;10817;1;53
651;20346;1;prodB;36;656;0;9
652;60481;1;prodB;53;3216;0;1
653;51916;1;prodB;44;2283;0;7
654;54626;1;prodA;32;8620;1;58
655;48305;1;prodB;55;4833;0;7
656;28578;1;prodB;21;1639;0;10
657;53401;1;prodB;58;10418;0;8
658;43414;1;prodB;44;7171;0;3
659;47526;1;prodB;57;8957;0;6
660;46082;1;prodB;55;2921;0;9
661;32196;1;prodB;62;4980;0;1
662;49067;1;prodB;61;7259;0;9
663;21293;1;prodB;42;1369;0;0
664;52101;1;prodB;23;4767;0;2
665;48334;1;prodB;53;2234;0;1
666;58508;1;prodB;49;694;0;10
667;27521;1;prodB;35;2700;0;4
668;63914;1;prodB;26;139;0;0
669;28599;1;prodB;53;524;0;6
670;23298;1;prodB;49;1741;0;4
671;35698;1;prodB;51;2908;0;1
672;40376;1;prodB;39;3902;0;5
673;56535;1;prodB;28;2161;0;3
674;36089;1;prodB;42;6222;0;3
675;34159;1;prodB;29;2911;0;10
676;29732;1;prodB;39;3485;0;9
677;41736;1;prodA;35;7603;1;49
678;42236;1;prodB;25;4749;0;4
679;28797;1;prodB;45;706;0;9
680;55097;1;prodA;34;9342;1;45
681;40917;1;prodB;48;5220;0;0
682;20908;1;prodA;29;3134;1;43
683;58000;1;prodB;63;860;0;10
684;57747;1;prodB;64;727;0;4
685;55116;1;prodB;41;10285;0;6
686;57766;1;prodB;44;5445;0;6
687;45201;1;prodB;44;7336;0;5
688;42435;1;prodB;51;2766;0;10
689;46366;1;prodB;42;5443;0;4
690;57188;1;prodB;59;9391;0;0
691;66540;1;prodB;58;12129;0;4
692;25245;1;prodB;53;1279;0;5
693;54780;1;prodB;61;8134;0;1
694;59253;1;prodB;37;7327;0;2
695;48540;1;prodB;21;1013;0;8
696;30415;1;prodA;23;4362;1;53
697;48769;1;prodB;26;501;0;1
698;52299;1;prodA;18;7881;1;55
699;42242;1;prodB;34;2070;0;10
700;28219;1;prodB;43;1305;0;6
701;40208;1;prodB;61;459;0;6
702;61420;1;prodA;31;9922;1;41
703;51283;1;prodA;27;8445;1;40
704;36018;1;prodB;44;1526;0;0
705;57575;1;prodA;34;9857;1;58
706;53331;1;prodB;42;2344;0;8
707;39835;1;prodB;63;700;0;0
708;62469;1;prodB;24;7287;0;8
709;40335;1;prodB;46;6809;0;3
710;47543;1;prodB;41;9448;0;10
711;55884;1;prodB;27;975;0;8
712;29163;1;prodB;44;1469;0;6
713;47786;1;prodA;30;7181;1;55
714;29736;1;prodB;35;657;0;9
715;50831;1;prodA;24;9573;1;51
716;62030;1;prodB;47;7573;0;3
717;54049;1;prodB;55;4570;0;1
718;34336;1;prodB;36;3442;0;9
719;31896;1;prodB;48;3423;0;0
720;51895;1;prodB;59;6580;0;10
721;37617;1;prodB;53;5732;0;8
722;22077;1;prodB;57;3948;0;4
723;56253;1;prodB;57;7327;0;1
724;26317;1;prodB;37;923;0;5
725;23121;1;prodB;40;1418;0;7
726;39033;1;prodB;60;5758;0;7
727;32421;1;prodB;32;1494;0;9
728;68827;1;prodB;25;1049;0;5
729;58092;1;prodB;42;5278;0;4
730;43539;1;prodB;46;8524;0;3
731;64040;1;prodB;59;5409;0;1
732;34395;1;prodB;26;2090;0;1
733;57406;1;prodB;46;6915;0;4
734;22581;1;prodB;41;34;0;1
735;27953;1;prodB;42;3965;0;7
736;54023;1;prodA;27;10641;1;52
737;63546;1;prodB;44;6170;0;5
738;60713;1;prodB;56;396;0;4
739;44519;1;prodB;32;1446;0;8
740;40998;1;prodB;56;7908;0;2
741;63661;1;prodB;26;6095;0;7
742;34429;1;prodB;40;2240;0;8
743;29182;1;prodB;48;2530;0;6
744;52510;1;prodB;40;1858;0;5
745;37536;1;prodB;26;2634;0;4
746;35684;1;prodB;45;4338;0;6
747;45622;1;prodB;42;528;0;6
748;67385;1;prodB;29;6747;0;7
749;69412;1;prodB;47;12177;0;6
750;48323;1;prodA;29;7733;1;44
751;40837;1;prodA;22;6994;1;56
752;38036;1;prodB;61;4299;0;6
753;42697;1;prodB;45;222;0;2
754;24182;1;prodB;22;1529;0;3
755;33194;1;prodB;51;6615;0;3
756;32541;1;prodB;34;781;0;2
757;38381;1;prodB;54;323;0;8
758;25922;1;prodB;58;5105;0;8
759;58811;1;prodA;22;9100;1;52
760;63026;1;prodB;57;2957;0;0
761;29954;1;prodB;62;5774;0;8
762;40642;1;prodB;38;5042;0;8
763;43941;1;prodB;38;2855;0;0
764;65167;1;prodA;26;8859;1;55
765;58820;1;prodB;31;531;0;8
766;50720;1;prodB;43;4771;0;3
767;46767;1;prodB;48;2383;0;9
768;67521;1;prodB;45;13042;0;7
769;28386;1;prodB;31;1719;0;6
770;68276;1;prodB;35;4842;0;2
771;30732;1;prodB;40;1130;0;10
772;30012;1;prodB;55;3972;0;0
773;38075;1;prodB;53;6929;0;2
774;55932;1;prodB;44;4876;0;6
775;27966;1;prodB;54;4445;0;9
776;53826;1;prodB;50;5273;0;9
777;65452;1;prodB;60;8129;0;0
778;39474;1;prodB;42;6034;0;0
779;42345;1;prodB;47;6800;0;0
780;36113;1;prodB;61;3737;0;9
781;32721;1;prodA;34;4367;1;42
782;27974;1;prodB;50;403;0;3
783;21306;1;prodB;35;3791;0;0
784;36029;1;prodB;53;2928;0;0
785;48458;1;prodA;22;8108;1;50
786;46039;1;prodB;39;6869;0;10
787;34247;1;prodA;35;6459;1;40
788;64248;1;prodB;32;4513;0;9
789;62110;1;prodB;41;2816;0;7
790;21482;1;prodB;20;1138;0;10
791;20762;1;prodB;25;2385;0;9
792;33757;1;prodB;41;1170;0;6
793;54326;1;prodA;30;6979;1;47
794;33198;1;prodB;59;3993;0;0
795;56846;1;prodB;30;5268;0;5
796;26543;1;prodB;46;4233;0;6
797;53201;1;prodB;60;3090;0;0
798;38073;1;prodB;32;2284;0;7
799;43937;1;prodB;56;3214;0;5
800;49285;1;prodB;52;494;0;9
801;22869;1;prodB;26;528;0;6
802;60113;1;prodB;41;8253;0;3
803;23613;1;prodB;32;2469;0;6
804;68755;1;prodB;53;10991;0;0
805;26449;1;prodB;46;2952;0;9
806;42855;1;prodB;47;4924;0;10
807;25687;1;prodB;36;3728;0;4
808;67126;1;prodB;36;7482;0;6
809;27428;1;prodB;60;720;0;3
810;37146;1;prodB;53;1511;0;6
811;41703;1;prodB;42;6106;0;5
812;20711;1;prodB;50;3961;0;7
813;39124;1;prodB;45;401;0;8
814;32835;1;prodB;61;4185;0;8
815;26267;1;prodB;59;1136;0;1
816;41254;1;prodA;29;6993;1;52
817;38269;1;prodB;31;2522;0;2
818;37087;1;prodB;58;6391;0;5
819;38458;1;prodB;56;3644;0;5
820;40186;1;prodB;31;1002;0;2
821;65482;1;prodB;45;10614;0;4
822;57427;1;prodB;20;2462;0;8
823;47903;1;prodB;46;4283;0;4
824;34222;1;prodB;52;3582;0;2
825;28481;1;prodB;47;5302;0;4
826;43070;1;prodB;41;4092;0;9
827;33094;1;prodB;33;3853;0;10
828;61364;1;prodB;62;9637;0;4
829;68101;1;prodB;48;8125;0;10
830;50551;1;prodB;57;5263;0;7
831;54421;1;prodB;23;6230;0;5
832;32152;1;prodB;57;3551;0;10
833;40231;1;prodB;59;745;0;1
834;53483;1;prodB;29;1460;0;10
835;65138;1;prodB;42;10352;0;2
836;29497;1;prodB;55;2217;0;10
837;45182;1;prodB;48;2243;0;4
838;24995;1;prodB;35;52;0;9
839;54821;1;prodA;21;10071;1;41
840;62956;1;prodB;30;208;0;5
841;52956;1;prodB;25;959;0;2
842;40366;1;prodA;32;7411;1;46
843;60005;1;prodB;40;10678;0;9
844;37598;1;prodB;55;3642;0;5
845;61323;1;prodB;60;8700;0;3
846;21244;1;prodB;58;3439;0;5
847;62111;1;prodB;26;499;0;2
848;56525;1;prodB;55;5297;0;4
849;51718;1;prodB;34;1037;0;10
850;43206;1;prodB;23;4835;0;3
851;26934;1;prodB;36;4113;0;3
852;68967;1;prodB;54;6691;0;7
853;31527;1;prodB;59;2063;0;10
854;46839;1;prodB;29;1498;0;6
855;32151;1;prodB;43;4602;0;5
856;40832;1;prodB;47;6430;0;7
857;30869;1;prodB;58;4618;0;0
858;62989;1;prodB;32;6925;0;1
859;65497;1;prodB;62;11806;0;0
860;63033;1;prodB;25;390;0;7
861;27287;1;prodA;19;4510;1;54
862;44299;1;prodB;24;5155;0;10
863;44091;1;prodB;30;1664;0;10
864;26617;1;prodB;29;2727;0;3
865;21856;1;prodB;48;1501;0;4
866;28073;1;prodB;54;1;0;9
867;35950;1;prodB;35;2665;0;0
868;28982;1;prodB;35;1441;0;9
869;51791;1;prodB;41;1281;0;1
870;65001;1;prodB;22;1115;0;9
871;29761;1;prodA;22;3748;1;56
872;23081;1;prodB;54;258;0;1
873;60017;1;prodB;23;1523;0;8
874;54619;1;prodB;54;901;0;7
875;66274;1;prodB;36;10258;0;3
876;49381;1;prodB;45;5425;0;9
877;46283;1;prodB;48;2166;0;7
878;25555;1;prodB;43;4230;0;4
879;36680;1;prodA;22;4849;1;50
880;30384;1;prodB;47;2154;0;4
881;67730;1;prodA;26;8882;1;48
882;36447;1;prodB;41;2928;0;3
883;33649;1;prodB;61;1498;0;5
884;53853;1;prodB;43;2090;0;6
885;61298;1;prodB;48;9400;0;6
886;69466;1;prodB;21;7984;0;9
887;39102;1;prodB;29;4201;0;10
888;29367;1;prodA;22;4049;1;52
889;67950;1;prodB;34;1790;0;10
890;29469;1;prodA;23;3704;1;58
891;56839;1;prodB;37;9005;0;4
892;38278;1;prodB;45;7406;0;1
893;49664;1;prodB;40;5571;0;10
894;49972;1;prodB;32;764;0;0
895;27357;1;prodB;63;2984;0;8
896;36841;1;prodB;37;6558;0;3
897;51439;1;prodB;46;6899;0;5
898;40615;1;prodB;21;2650;0;6
899;56739;1;prodB;63;3211;0;2
900;68005;2;prodB;42;2698;0;3
901;44459;2;prodB;52;1456;0;1
902;66801;2;prodB;19;289;0;0
903;48992;1;prodA;19;7453;1;54
904;69431;2;prodB;59;2648;0;5
905;27989;2;prodB;28;1771;0;0
906;67676;2;prodB;38;4396;0;7
907;47986;1;prodA;34;8802;1;59
908;43388;2;prodB;36;7007;0;7
909;63182;2;prodB;26;3493;0;4
910;20569;2;prodB;26;2257;0;7
911;25834;1;prodA;19;3716;1;49
912;23087;2;prodB;38;423;0;8
913;36125;1;prodA;25;6485;1;40
914;57331;2;prodB;44;1058;0;3
915;47240;2;prodB;55;4286;0;1
916;55731;2;prodB;55;9286;0;1
917;61660;2;prodB;49;1685;0;1
918;49747;1;prodA;29;7354;1;54
919;23974;2;prodB;55;95;0;8
920;28085;2;prodB;45;4431;0;4
921;33585;2;prodB;60;3934;0;4
922;44179;2;prodB;51;5888;0;3
923;56025;2;prodB;29;4342;0;3
924;49370;2;prodB;51;109;0;7
925;26889;2;prodB;63;676;0;6
926;30873;2;prodB;39;4077;0;10
927;30609;2;prodB;46;2633;0;5
928;54878;2;prodB;43;1504;0;8
929;32424;2;prodB;63;2962;0;6
930;46608;2;prodB;20;1522;0;8
931;65689;2;prodB;28;255;0;7
932;49055;2;prodB;54;1102;0;3
933;20311;2;prodB;54;1279;0;1
934;66423;2;prodB;19;1066;0;9
935;45783;2;prodB;64;7493;0;8
936;62888;2;prodB;43;6849;0;0
937;51088;2;prodB;52;9097;0;0
938;66218;2;prodB;19;745;0;5
939;62800;2;prodB;35;6753;0;0
940;45789;2;prodB;36;4545;0;0
941;59727;2;prodB;50;5203;0;10
942;35514;2;prodB;61;6983;0;0
943;29179;2;prodB;64;1664;0;5
944;67502;2;prodB;50;7590;0;10
945;66255;2;prodB;29;7475;0;2
946;63559;2;prodB;36;9283;0;4
947;63442;2;prodB;19;3119;0;0
948;64983;1;prodA;27;9110;1;42
949;56947;2;prodB;55;11176;0;7
950;52350;2;prodB;36;5182;0;3
951;31473;2;prodB;28;797;0;7
952;59267;2;prodB;35;5085;0;8
953;66809;2;prodB;31;1316;0;5
954;48083;2;prodB;39;9193;0;10
955;20629;1;prodA;28;3310;1;48
956;25363;1;prodA;31;3946;1;49
957;28874;2;prodB;62;2224;0;9
958;41431;1;prodA;34;5719;1;59
959;53612;2;prodB;23;5977;0;0
960;51556;2;prodB;57;9218;0;5
961;46564;2;prodB;51;600;0;9
962;61200;2;prodB;19;407;0;3
963;29307;2;prodB;61;482;0;7
964;67687;1;prodA;21;10506;1;49
965;52565;2;prodB;56;373;0;4
966;52920;1;prodA;21;9522;1;49
967;34981;1;prodB;23;5503;1;47
968;65211;1;prodB;28;12608;1;50
969;60016;2;prodB;54;2857;0;8
970;23067;2;prodB;33;1933;0;4
971;52604;2;prodB;44;2043;0;7
972;20111;2;prodB;54;1745;0;10
973;32760;2;prodB;44;5211;0;1
974;30578;2;prodB;55;3010;0;1
975;21212;2;prodB;33;932;0;3
976;53746;1;prodB;29;9535;1;53
977;45214;2;prodB;18;1780;0;1
978;58465;1;prodB;20;11417;1;48
979;54423;2;prodB;59;445;0;3
980;62842;2;prodB;62;108;0;3
981;53005;2;prodB;46;2539;0;5
982;40749;1;prodB;27;6207;1;50
983;49804;1;prodB;20;7235;1;46
984;37277;1;prodB;27;6289;1;43
985;46883;1;prodB;30;6343;1;51
986;31763;2;prodB;36;3489;0;6
987;61013;2;prodB;25;1792;0;7
988;41285;2;prodB;23;532;0;10
989;39134;2;prodB;22;433;0;6
990;62172;2;prodB;24;1035;0;7
991;53639;2;prodB;44;109;0;8
992;49265;2;prodB;58;3052;0;0
993;63115;2;prodB;48;11891;0;6
994;58166;2;prodB;46;4156;0;3
995;43030;1;prodB;27;6894;1;58
996;21594;2;prodB;52;458;0;8
997;49105;2;prodB;36;9452;0;9
998;65776;2;prodB;40;2806;0;0
999;36192;1;prodB;21;7236;1;48
1000;62166;2;prodB;20;4740;0;10
1001;50793;2;prodB;42;422;0;0
1002;62422;2;prodB;32;2842;0;10
1003;63167;2;prodB;57;4059;0;5
1004;23718;2;prodB;49;1530;0;8
1005;66798;1;prodB;21;11921;1;60
1006;30272;2;prodB;19;1440;0;1
1007;55741;2;prodB;53;3182;0;3
1008;30743;1;prodB;26;5686;1;57
1009;20492;2;prodB;35;1579;0;8
1010;35620;2;prodB;41;3611;0;4
1011;50206;2;prodB;33;5826;0;5
1012;67935;2;prodB;61;8267;0;4
1013;59223;2;prodB;23;3901;0;7
1014;32657;2;prodB;33;1796;0;1
1015;55932;2;prodB;23;4054;0;5
1016;23695;2;prodB;23;764;0;6
1017;44324;2;prodB;23;2673;0;9
1018;34735;2;prodB;62;1402;0;9
1019;67064;2;prodB;23;1092;0;7
1020;42761;2;prodB;45;611;0;11
1021;49518;1;prodB;32;7338;1;52
1022;54372;2;prodB;30;839;0;2
1023;29942;2;prodB;48;3170;0;1
1024;68414;2;prodB;51;6154;0;17
1025;23891;2;prodB;51;3476;0;2
1026;47188;1;prodB;24;7933;1;44
1027;39820;2;prodB;63;3577;0;3
1028;50632;2;prodB;54;1262;0;0
1029;39970;2;prodB;40;7868;0;18
1030;55176;2;prodB;49;7823;0;3
1031;50534;2;prodB;57;118;0;18
1032;52984;2;prodB;43;5568;0;4
1033;31188;2;prodB;31;593;0;0
1034;34910;2;prodB;26;2852;0;8
1035;53811;2;prodB;51;9154;0;5
1036;55479;2;prodB;54;6228;0;14
1037;60394;2;prodB;58;8294;0;1
1038;36846;2;prodB;52;1790;0;4
1039;60265;2;prodB;55;2241;0;0
1040;52982;2;prodB;18;3760;0;9
1041;50223;1;prodB;21;8735;1;59
1042;59257;2;prodB;39;9813;0;7
1043;43203;2;prodB;41;7731;0;7
1044;46289;1;prodB;24;6054;1;49
1045;58176;2;prodB;52;9852;0;20
1046;25631;2;prodB;48;4779;0;16
1047;58978;1;prodB;30;9442;1;52
1048;25048;2;prodB;55;2341;0;8
1049;33436;1;prodB;35;5474;1;50
1050;23787;2;prodB;36;3042;0;8
1051;69457;2;prodB;48;13190;0;1
1052;65448;2;prodB;40;3270;0;1
1053;68743;2;prodB;56;2290;0;8
1054;36053;2;prodB;50;2830;0;0
1055;24821;2;prodB;38;52;0;1
1056;26046;2;prodB;55;4669;0;10
1057;60851;2;prodB;60;7207;0;19
1058;69929;2;prodB;51;12428;0;6
1059;53299;2;prodB;57;2107;0;17
1060;48818;2;prodB;49;2312;0;6
1061;38042;2;prodB;33;3496;0;2
1062;42120;2;prodB;60;1931;0;12
1063;62248;2;prodB;39;1871;0;13
1064;62252;2;prodB;28;1700;0;9
1065;36973;2;prodB;38;4144;0;9
1066;54217;1;prodB;27;8837;1;47
1067;44219;2;prodB;59;1694;0;10
1068;33274;2;prodB;24;2245;0;2
1069;54657;1;prodB;18;9911;1;49
1070;67594;1;prodB;25;9864;1;55
1071;39473;2;prodB;43;596;0;20
1072;30572;2;prodB;49;1847;0;10
1073;50448;2;prodB;58;2444;0;16
1074;49199;2;prodB;49;484;0;12
1075;53768;2;prodB;25;3697;0;8
1076;52810;2;prodB;61;6277;0;0
1077;38012;1;prodB;19;4625;1;52
1078;58910;2;prodB;31;3672;0;19
1079;57915;2;prodB;51;6716;0;10
1080;39495;2;prodB;29;3544;0;1
1081;45919;2;prodB;39;1910;0;20
1082;55649;1;prodB;20;7660;1;58
1083;27137;2;prodB;19;2253;0;7
1084;62725;2;prodB;40;9255;0;6
1085;32922;2;prodB;44;2553;0;12
1086;28483;2;prodB;20;329;0;6
1087;44170;2;prodB;24;2169;0;9
1088;60664;2;prodB;22;5873;0;2
1089;64502;1;prodB;33;12147;1;41
1090;28238;2;prodB;50;2728;0;18
1091;67421;2;prodB;21;3669;0;9
1092;55643;2;prodB;39;2842;0;1
1093;56086;2;prodB;35;3991;0;17
1094;57677;1;prodB;21;10505;1;54
1095;62536;2;prodB;39;9490;0;19
1096;60687;2;prodB;48;10614;0;6
1097;25032;2;prodB;46;681;0;5
1098;22228;2;prodB;33;2187;0;15
1099;41435;2;prodB;35;3702;0;18
1100;43955;2;prodB;52;7833;0;11
1101;60064;2;prodB;59;6766;0;3
1102;34636;1;prodB;19;4859;1;49
1103;63944;1;prodB;33;12214;1;49
1104;35403;2;prodB;35;2929;0;6
1105;53654;2;prodB;44;6588;0;6
1106;23508;2;prodB;53;4623;0;19
1107;61869;2;prodB;36;1040;0;9
1108;20675;2;prodB;24;300;0;14
1109;22128;2;prodB;61;1778;0;10
1110;27409;2;prodB;38;2591;0;5
1111;60721;2;prodB;39;3278;0;18
1112;34760;2;prodB;34;29;0;18
1113;23057;2;prodB;47;2487;0;10
1114;42381;2;prodB;36;6833;0;19
1115;37888;1;prodB;24;5062;1;58
1116;39989;2;prodB;54;357;0;17
1117;25027;2;prodB;63;3846;0;5
1118;43588;2;prodB;41;6453;0;4
1119;20897;1;prodB;28;2940;1;48
1120;24905;2;prodB;53;3377;0;1
1121;66069;2;prodB;36;5627;0;0
1122;36126;2;prodB;41;3806;0;16
1123;23627;2;prodB;34;2174;0;8
1124;30200;2;prodB;63;4872;0;19
1125;65570;2;prodB;62;12494;0;11
1126;20617;2;prodB;47;2224;0;6
1127;25817;1;prodB;22;3683;1;56
1128;21449;2;prodB;32;1989;0;2
1129;69370;2;prodB;52;4606;0;16
1130;34146;2;prodB;31;4075;0;20
1131;52651;2;prodB;57;6529;0;18
1132;40069;2;prodB;43;3646;0;2
1133;39247;2;prodB;48;919;0;17
1134;56234;2;prodB;58;9642;0;0
1135;49264;2;prodB;19;802;0;16
1136;30452;2;prodB;42;475;0;10
1137;28727;1;prodB;35;3676;1;46
1138;20113;1;prodB;30;2508;1;45
1139;43435;2;prodB;52;3672;0;6
1140;59209;1;prodB;31;11479;1;41
1141;69311;2;prodB;42;1590;0;16
1142;60567;2;prodB;40;572;0;12
1143;22049;2;prodB;54;4199;0;10
1144;66734;2;prodB;53;5367;0;16
1145;22209;1;prodB;22;4097;1;54
1146;49033;2;prodB;55;1778;0;0
1147;26558;2;prodB;58;22;0;4
1148;49255;2;prodB;37;4952;0;9
1149;30218;2;prodB;48;5915;0;20
1150;56317;1;prodB;25;8045;1;52
1151;53825;2;prodB;45;431;0;6
1152;34928;2;prodB;54;1957;0;1
1153;53287;2;prodB;60;4433;0;10
1154;32033;2;prodB;50;4583;0;18
1155;48406;2;prodB;48;3767;0;19
1156;46133;2;prodB;27;3216;0;6
1157;29049;2;prodB;58;2563;0;4
1158;68551;2;prodB;19;3880;0;2
1159;47475;2;prodB;38;5084;0;0
1160;50022;2;prodB;24;1054;0;18
1161;64089;2;prodB;37;6273;0;1
1162;28452;2;prodB;42;1043;0;19
1163;58132;2;prodB;29;5491;0;2
1164;30961;2;prodB;32;163;0;11
1165;64163;2;prodB;54;6938;0;3
1166;67470;2;prodB;52;12715;0;11
1167;68264;2;prodB;43;4124;0;6
1168;42889;2;prodB;58;6341;0;14
1169;20156;2;prodB;42;3490;0;2
1170;58179;2;prodB;50;10949;0;0
1171;45735;2;prodB;53;2945;0;19
1172;30037;2;prodB;39;1247;0;9
1173;64393;2;prodB;38;4513;0;5
1174;26291;2;prodB;52;1094;0;5
1175;36008;2;prodB;21;3709;0;20
1176;54954;2;prodB;45;366;0;12
1177;28753;2;prodB;49;4990;0;17
1178;41994;2;prodB;36;6644;0;20
1179;56696;2;prodB;58;9687;0;1
1180;51906;2;prodB;37;10235;0;6
1181;30939;2;prodB;48;6116;0;2
1182;38521;2;prodB;57;4177;0;12
1183;33489;2;prodB;26;3582;0;17
1184;52836;2;prodB;38;5672;0;1
1185;51733;1;prodB;25;7906;1;53
1186;41274;2;prodB;32;3300;0;17
1187;68224;2;prodB;29;7364;0;13
1188;28223;2;prodB;40;613;0;12
1189;21921;2;prodB;62;1901;0;3
1190;38853;1;prodB;27;7513;1;42
1191;59621;2;prodB;54;7015;0;8
1192;41378;2;prodB;46;5324;0;14
1193;54406;2;prodB;57;6253;0;0
1194;60103;2;prodB;56;2632;0;13
1195;67529;2;prodB;53;7877;0;14
1196;61157;2;prodB;32;3250;0;3
1197;42956;2;prodB;45;2963;0;17
1198;46923;2;prodB;36;3108;0;20
1199;24951;2;prodB;62;2544;0;0
1200;26268;2;prodB;35;59;0;13
1201;64604;1;prodB;33;11265;1;58
1202;34667;2;prodB;19;2827;0;10
1203;66008;1;prodB;19;9190;1;43
1204;45840;2;prodB;32;5299;0;7
1205;32188;2;prodB;49;4660;0;15
1206;50290;1;prodB;24;6127;1;58
1207;36838;2;prodB;55;1598;0;18
1208;28852;2;prodB;44;5706;0;18
1209;68127;2;prodB;48;12100;0;16
1210;41349;2;prodB;54;8083;0;3
1211;69132;2;prodB;33;7621;0;17
1212;38477;2;prodB;27;290;0;10
1213;68291;2;prodB;47;9578;0;19
1214;58075;2;prodB;60;8551;0;20
1215;26867;2;prodB;33;1730;0;17
1216;32348;2;prodB;60;3230;0;4
1217;31044;2;prodB;50;4466;0;2
1218;29280;2;prodB;19;2292;0;8
1219;35145;2;prodB;48;511;0;20
1220;44405;2;prodB;34;3918;0;16
1221;42060;2;prodB;55;5310;0;3
1222;28612;2;prodB;59;4948;0;11
1223;46547;2;prodB;61;255;0;5
1224;22832;1;prodB;33;3318;1;40
1225;21566;2;prodB;44;4137;0;3
1226;26078;1;prodB;32;3666;1;44
1227;60504;2;prodB;20;6767;0;4
1228;31233;2;prodB;42;1662;0;16
1229;34506;2;prodB;49;2152;0;2
1230;35485;2;prodB;47;2482;0;16
1231;45986;1;prodB;20;7113;1;46
1232;43308;1;prodB;35;6777;1;43
1233;53284;2;prodB;32;850;0;7
1234;68398;2;prodB;37;8107;0;16
1235;64744;2;prodB;56;4305;0;4
1236;68413;2;prodB;28;552;0;9
1237;59695;1;prodB;28;8890;1;49
1238;32407;2;prodB;21;3395;0;11
1239;33184;2;prodB;60;4580;0;13
1240;47688;2;prodB;35;1377;0;1
1241;42592;2;prodB;45;4602;0;0
1242;34052;2;prodB;36;6224;0;3
1243;61800;1;prodB;30;9144;1;59
1244;45361;2;prodB;27;4570;0;20
1245;20252;1;prodB;27;3360;1;50
1246;30135;2;prodB;44;959;0;2
1247;56217;2;prodB;52;2867;0;20
1248;31723;2;prodB;35;2878;0;0
1249;60178;2;prodB;33;3204;0;1
1250;51144;2;prodB;38;3412;0;15
1251;22449;2;prodB;36;1187;0;11
1252;44933;2;prodB;27;623;0;11
1253;40929;2;prodB;20;2352;0;15
1254;31092;2;prodB;44;5618;0;1
1255;44744;2;prodB;53;2575;0;10
1256;60770;2;prodB;34;2243;0;6
1257;43528;2;prodB;60;2265;0;11
1258;25009;2;prodB;63;2941;0;7
1259;47433;2;prodB;60;9139;0;2
1260;50064;2;prodB;29;418;0;6
1261;60348;2;prodB;60;3038;0;8
1262;67471;2;prodB;27;4448;0;6
1263;30493;2;prodB;62;4835;0;10
1264;25640;1;prodB;23;3105;1;42
1265;55041;2;prodB;53;8352;0;4
1266;34477;2;prodB;23;898;0;12
1267;23346;2;prodB;38;4548;0;14
1268;24426;2;prodB;35;824;0;15
1269;65850;2;prodB;31;5051;0;13
1270;60455;2;prodB;41;7875;0;9
1271;22680;2;prodB;55;1744;0;11
1272;44472;1;prodB;20;5884;1;41
1273;46572;2;prodB;59;721;0;9
1274;24370;2;prodB;62;1367;0;10
1275;56830;2;prodB;37;10463;0;10
1276;46943;2;prodB;56;2187;0;3
1277;42522;2;prodB;55;6746;0;8
1278;63188;2;prodB;51;3961;0;19
1279;29410;2;prodB;24;812;0;7
1280;46669;2;prodB;58;1833;0;17
1281;62693;2;prodB;23;5322;0;10
1282;65307;2;prodB;24;1907;0;0
1283;59589;2;prodB;21;4192;0;17
1284;41020;2;prodB;23;3006;0;0
1285;48059;2;prodB;48;6528;0;15
1286;50209;2;prodB;35;730;0;15
1287;62527;2;prodB;61;5836;0;9
1288;48192;2;prodB;30;5026;0;15
1289;30884;1;prodB;31;4100;1;51
1290;36966;2;prodB;54;6333;0;1
1291;43536;1;prodB;28;6428;1;50
1292;69182;2;prodB;39;1174;0;6
1293;64233;1;prodB;27;12105;1;40
1294;52594;2;prodB;20;812;0;10
1295;32282;2;prodB;43;3346;0;11
1296;54078;2;prodB;57;7149;0;16
1297;51595;2;prodB;28;385;0;14
1298;23097;2;prodB;54;4518;0;11
1299;27407;2;prodB;26;2950;0;1
1300;64395;2;prodB;63;10055;0;9
1301;60432;2;prodB;42;6301;0;12
1302;42991;2;prodB;30;4666;0;8
1303;41582;1;prodB;23;7895;1;40
1304;53289;2;prodB;47;8047;0;6
1305;22373;2;prodB;31;1119;0;14
1306;57120;1;prodB;22;10212;1;53
1307;31112;2;prodB;50;424;0;1
1308;68936;2;prodB;43;11073;0;12
1309;20436;2;prodB;57;2356;0;1
1310;20584;2;prodB;22;53;0;4
1311;58988;2;prodB;20;4728;0;12
1312;45312;2;prodB;27;3104;0;5
1313;60857;2;prodB;37;10239;0;2
1314;45818;2;prodB;48;8137;0;11
1315;20905;2;prodB;41;2606;0;11
1316;49908;2;prodB;30;2903;0;15
1317;55988;1;prodC;31;7746;1;60
1318;62125;2;prodB;21;5700;0;20
1319;48823;2;prodB;61;599;0;6
1320;29977;2;prodB;58;3796;0;11
1321;41944;2;prodB;61;1204;0;3
1322;36970;2;prodB;34;1269;0;17
1323;39993;1;prodC;21;4999;1;40
1324;42451;2;prodB;62;6210;0;18
1325;42147;1;prodC;24;7367;1;42
1326;52842;2;prodB;18;5957;0;4
1327;66419;2;prodB;63;9341;0;13
1328;44048;2;prodB;27;2097;0;19
1329;24821;2;prodB;19;874;0;5
1330;35584;2;prodB;63;27;0;13
1331;25290;2;prodB;21;2131;0;3
1332;39770;2;prodB;45;281;0;8
1333;59511;2;prodB;29;2521;0;3
1334;51212;2;prodB;46;4093;0;16
1335;56531;2;prodB;46;5958;0;8
1336;42604;2;prodB;42;7942;0;1
1337;66642;2;prodB;56;4958;0;0
1338;35528;2;prodB;47;325;0;12
1339;66897;2;prodB;32;387;0;4
1340;51980;2;prodB;35;6243;0;4
1341;40081;2;prodB;43;771;0;5
1342;50168;2;prodB;42;5593;0;5
1343;39546;2;prodB;44;5788;0;3
1344;43372;2;prodB;55;475;0;0
1345;33084;2;prodB;59;5762;0;18
1346;53188;2;prodB;64;4880;0;18
1347;48291;2;prodB;30;4903;0;13
1348;66079;2;prodB;46;3665;0;11
1349;51547;2;prodB;53;6563;0;3
1350;39393;2;prodB;53;5415;0;12
1351;69592;2;prodB;63;13025;0;20
1352;54589;2;prodB;31;2848;0;8
1353;44964;2;prodB;48;693;0;10
1354;46082;2;prodB;50;1488;0;12
1355;45564;2;prodB;22;716;0;14
1356;62658;2;prodB;28;5771;0;7
1357;67922;2;prodB;36;1400;0;8
1358;59514;2;prodB;57;2505;0;13
1359;48423;2;prodB;42;3521;0;15
1360;22001;2;prodB;32;2156;0;9
1361;52530;1;prodC;19;9808;1;41
1362;24061;1;prodC;35;3981;1;45
1363;23451;2;prodB;34;1420;0;19
1364;32867;2;prodB;45;6037;0;11
1365;30959;2;prodB;44;1559;0;16
1366;27551;1;prodC;30;3944;1;42
1367;36025;2;prodB;52;4155;0;12
1368;46801;2;prodB;35;5316;0;17
1369;27083;2;prodB;60;4991;0;6
1370;65435;1;prodC;20;12728;1;42
1371;59296;2;prodB;51;494;0;2
1372;45435;2;prodB;21;2143;0;6
1373;61743;2;prodB;35;327;0;20
1374;31397;2;prodB;35;3719;0;1
1375;35917;2;prodB;54;6401;0;3
1376;43970;1;prodC;25;7456;1;46
1377;60625;2;prodB;40;6741;0;12
1378;69939;2;prodB;56;2225;0;11
1379;69755;2;prodB;45;13766;0;16
1380;69478;1;prodC;23;10229;1;46
1381;34192;1;prodC;28;5234;1;54
1382;57458;2;prodB;51;3609;0;1
1383;63910;2;prodB;57;8987;0;17
1384;26644;2;prodB;19;1414;0;4
1385;23985;2;prodB;24;2284;0;0
1386;63661;2;prodB;50;7833;0;14
1387;44102;2;prodB;21;843;0;18
1388;29410;2;prodB;42;3389;0;13
1389;49295;2;prodB;37;4575;0;14
1390;39554;2;prodC;54;7064;0;18
1391;68583;2;prodC;57;2922;0;3
1392;31061;2;prodC;53;3730;0;16
1393;29190;2;prodC;60;5240;0;12
1394;63438;2;prodC;55;11963;0;8
1395;35243;2;prodC;36;749;0;12
1396;36475;2;prodC;63;413;0;12
1397;63272;1;prodC;23;11298;1;43
1398;45540;2;prodC;59;1490;0;11
1399;68565;2;prodC;21;1232;0;15
1400;20063;1;prodC;24;2495;1;41
1401;44222;2;prodC;56;7443;0;0
1402;67839;2;prodC;48;5609;0;6
1403;54010;2;prodC;49;885;0;13
1404;52234;2;prodC;48;9256;0;3
1405;28423;2;prodC;62;5283;0;2
1406;52623;2;prodC;50;1156;0;4
1407;25636;2;prodC;56;1240;0;10
1408;60843;2;prodC;60;6609;0;2
1409;36728;2;prodC;58;7288;0;12
1410;63831;2;prodC;35;5272;0;5
1411;43108;2;prodC;22;648;0;8
1412;25285;2;prodC;20;1028;0;7
1413;57646;2;prodC;63;1452;0;15
1414;51028;2;prodC;62;3313;0;2
1415;37390;1;prodC;34;7366;1;55
1416;65018;2;prodC;27;1017;0;9
1417;20596;2;prodC;45;1330;0;14
1418;56445;2;prodC;56;6876;0;6
1419;60864;2;prodC;44;3704;0;8
1420;51231;2;prodC;63;813;0;5
1421;41103;2;prodC;63;3644;0;10
1422;56267;2;prodC;43;8238;0;9
1423;20775;2;prodC;36;1347;0;9
1424;46424;2;prodC;59;4087;0;10
1425;29910;2;prodC;63;4495;0;10
1426;62809;2;prodC;57;6466;0;8
1427;41244;2;prodC;52;4162;0;19
1428;46089;2;prodC;63;1618;0;13
1429;69191;2;prodC;57;6271;0;18
1430;60847;2;prodC;33;8974;1;56
1431;66559;2;prodC;49;3091;0;12
1432;27428;2;prodC;54;1288;0;4
1433;60913;2;prodC;61;3870;0;12
1434;28128;2;prodC;41;3280;0;12
1435;64030;2;prodC;36;1644;0;7
1436;61837;2;prodC;30;10972;1;57
1437;37005;2;prodC;59;1069;0;18
1438;56004;2;prodC;18;3640;0;6
1439;58039;2;prodC;54;538;0;7
1440;29237;2;prodC;25;24;0;17
1441;33266;2;prodC;22;5968;1;48
1442;66237;2;prodC;36;2757;0;14
1443;41979;2;prodC;53;1604;0;14
1444;63453;2;prodC;24;10668;1;59
1445;24986;2;prodC;50;2017;0;2
1446;53593;2;prodC;63;1428;0;20
1447;54180;2;prodC;53;10028;0;2
1448;20126;2;prodC;36;1432;0;1
1449;51181;2;prodC;57;2875;0;18
1450;36456;2;prodC;38;3437;0;19
1451;39189;2;prodC;22;3545;0;17
1452;47853;2;prodC;39;3295;0;20
1453;20014;2;prodC;43;2426;0;13
1454;28630;2;prodC;27;4407;1;50
1455;66689;2;prodC;48;9690;0;9
1456;53226;2;prodC;44;5687;0;14
1457;35609;2;prodC;48;2574;0;12
1458;64066;2;prodC;43;772;0;8
1459;54936;2;prodC;43;7922;0;20
1460;67801;2;prodC;29;5035;0;20
1461;46893;2;prodC;44;9132;0;14
1462;54649;2;prodC;56;10675;0;8
1463;31411;2;prodC;36;5797;0;16
1464;36990;2;prodC;34;557;0;19
1465;33198;2;prodC;30;4285;1;56
1466;47704;2;prodC;22;2717;0;5
1467;30570;2;prodC;37;4753;0;18
1468;61399;2;prodC;63;9008;0;14
1469;67751;2;prodC;34;6856;0;4
1470;47638;2;prodC;51;6709;0;15
1471;38358;2;prodC;26;2548;0;14
1472;43156;2;prodC;28;2413;0;7
1473;41102;2;prodC;36;5240;0;13
1474;59476;2;prodC;37;2628;0;0
1475;40709;2;prodC;33;5532;1;53
1476;30391;2;prodC;59;2073;0;12
1477;46024;2;prodC;24;4318;0;19
1478;66529;2;prodC;59;6338;0;18
1479;68116;2;prodC;37;7459;0;5
1480;38423;2;prodC;29;3677;0;16
1481;33227;2;prodC;23;6470;1;56
1482;61674;2;prodC;55;4055;0;12
1483;26931;2;prodC;41;3669;0;12
1484;60041;2;prodC;44;2660;0;2
1485;26181;2;prodC;43;2619;0;18
1486;61552;2;prodC;61;4043;0;1
1487;29705;2;prodC;42;1912;0;3
1488;53935;2;prodC;21;2086;0;1
1489;23007;2;prodC;49;2297;0;3
1490;48553;2;prodC;29;5651;0;9
1491;66371;2;prodC;63;5176;0;0
1492;49140;2;prodC;44;8833;0;11
1493;39685;2;prodC;34;2591;0;13
1494;32025;2;prodC;38;217;0;13
1495;55568;2;prodC;43;6115;0;3
1496;45899;2;prodC;25;5617;1;56
1497;39218;2;prodC;30;865;0;19
1498;34071;2;prodC;27;1402;0;8
1499;66768;2;prodC;49;4255;0;3
1500;31401;2;prodC;63;4464;0;19
1501;49336;2;prodC;44;2550;0;6
1502;51774;2;prodC;48;1509;0;0
1503;43065;2;prodC;44;787;0;14
1504;41226;2;prodC;49;2156;0;14
1505;43045;2;prodC;61;1662;0;14
1506;33546;2;prodC;55;5347;0;18
1507;69209;2;prodC;26;6285;0;1
1508;32292;2;prodC;39;277;0;14
1509;66274;2;prodC;22;11577;1;40
1510;34103;2;prodC;42;1269;0;10
1511;21145;2;prodC;21;703;0;18
1512;41050;2;prodC;50;5890;0;16
1513;36351;2;prodC;34;6620;1;44
1514;63144;2;prodC;32;813;0;13
1515;32087;2;prodC;28;6362;1;49
1516;28873;2;prodC;62;993;0;15
1517;65359;2;prodC;19;7707;0;9
1518;49064;2;prodC;43;5636;0;6
1519;23763;2;prodC;39;2950;0;9
1520;51846;2;prodC;43;8751;0;6
1521;67035;2;prodC;46;11277;0;18
1522;49241;2;prodC;53;8004;0;4
1523;36132;2;prodC;19;3009;0;16
1524;67007;2;prodC;36;3692;0;2
1525;39454;2;prodC;32;437;0;17
1526;52206;2;prodC;25;1135;0;6
1527;46319;2;prodC;45;1523;0;9
1528;29399;2;prodC;41;4674;0;12
1529;31136;2;prodC;19;2458;0;18
1530;65604;2;prodC;19;11775;1;40
1531;41363;2;prodC;44;608;0;12
1532;60303;2;prodC;52;6510;0;2
1533;54468;2;prodC;24;69;0;18
1534;47684;2;prodC;32;4752;0;3
1535;38160;2;prodC;31;3430;0;11
1536;22926;2;prodC;35;2547;0;13
1537;64088;2;prodC;38;723;0;1
1538;65825;2;prodC;41;2643;0;8
1539;53452;2;prodC;50;10530;0;9
1540;36455;2;prodC;35;2464;0;20
1541;39573;2;prodC;29;5786;1;49
1542;41052;2;prodC;50;4653;0;5
1543;37895;2;prodC;55;6071;0;6
1544;44827;2;prodC;56;2640;0;4
1545;28341;2;prodC;40;2248;0;4
1546;56887;2;prodC;36;10970;0;20
1547;25147;2;prodC;21;2891;0;5
1548;54739;2;prodC;28;7219;1;51
1549;30497;2;prodC;28;4574;1;52
1550;25359;2;prodC;41;2220;0;10
1551;29994;2;prodC;49;2750;0;1
1552;64676;2;prodC;31;4629;0;6
1553;56256;2;prodC;22;5452;0;19
1554;31702;2;prodC;28;3588;0;16
1555;34113;2;prodC;31;6360;1;48
1556;44666;2;prodC;55;7548;0;20
1557;39421;2;prodC;26;6112;1;56
1558;21683;2;prodC;46;340;0;19
1559;65698;2;prodC;36;5645;0;2
1560;68658;2;prodC;36;2428;0;12
1561;66981;2;prodC;27;6679;0;20
1562;45971;2;prodC;27;4776;0;20
1563;42966;2;prodC;45;8109;0;18
1564;50896;2;prodC;19;5557;0;16
1565;46175;2;prodC;37;1064;0;0
1566;44985;2;prodC;52;4585;0;11
1567;66942;2;prodC;23;12381;1;52
1568;31022;2;prodC;39;6145;0;10
1569;46583;2;prodC;33;6241;1;42
1570;56202;2;prodC;43;8346;0;16
1571;31587;2;prodC;56;2678;0;3
1572;40716;2;prodC;26;2390;0;6
1573;64966;2;prodC;28;11496;1;42
1574;68503;2;prodC;19;3580;0;10
1575;33868;2;prodC;30;5714;1;51
1576;54195;2;prodC;39;6650;0;15
1577;50565;2;prodC;63;693;0;14
1578;57216;2;prodC;32;3554;0;4
1579;29850;2;prodC;40;3679;0;3
1580;29072;2;prodC;38;1589;0;0
1581;29775;2;prodC;21;3327;0;18
1582;46673;2;prodC;55;1409;0;16
1583;66394;2;prodC;59;9540;0;6
1584;29338;2;prodC;26;5120;1;49
1585;67290;2;prodC;27;13377;1;57
1586;45980;2;prodC;32;5929;1;42
1587;34164;2;prodC;46;6617;0;34
1588;52217;2;prodC;24;6803;1;49
1589;62313;2;prodC;61;926;0;9
1590;49206;2;prodC;25;3394;0;24
1591;65689;2;prodC;25;3674;0;2
1592;43490;2;prodC;52;6501;0;36
1593;40967;2;prodC;47;2394;0;10
1594;37261;2;prodC;24;2076;0;25
1595;58775;2;prodC;46;5674;0;37
1596;39396;2;prodC;36;7558;0;27
1597;21144;2;prodC;58;988;0;2
1598;33126;2;prodC;51;4170;0;40
1599;30932;2;prodC;36;1075;0;1
1600;31937;2;prodC;59;4088;0;3
1601;38157;2;prodC;52;5628;0;4
1602;21033;2;prodC;30;4024;1;59
1603;50239;2;prodC;35;2568;0;8
1604;67347;2;prodC;35;6752;0;15
1605;33262;2;prodC;18;587;0;35
1606;53113;2;prodC;59;10081;0;20
1607;42750;2;prodC;56;4627;0;10
1608;42108;2;prodC;27;1021;0;18
1609;61345;2;prodC;20;7173;0;1
1610;54739;2;prodC;27;6211;0;23
1611;69695;2;prodC;26;8418;1;54
1612;62507;2;prodC;28;6591;0;36
1613;61923;2;prodC;25;1933;0;32
1614;58024;2;prodC;43;2786;0;29
1615;27011;2;prodC;37;2373;0;12
1616;21195;2;prodC;26;1103;0;15
1617;68338;2;prodC;34;12841;1;53
1618;67773;2;prodC;42;5038;0;7
1619;67132;2;prodC;58;2271;0;26
1620;33159;2;prodC;42;2136;0;35
1621;66087;2;prodC;51;11039;0;7
1622;60362;2;prodC;25;10307;1;54
1623;54609;2;prodC;18;5618;0;7
1624;63637;2;prodC;27;9955;1;45
1625;40919;2;prodC;37;3814;0;15
1626;51486;2;prodC;34;3955;0;38
1627;44896;2;prodC;49;3788;0;15
1628;24878;2;prodC;30;1546;0;19
1629;52263;2;prodC;34;10162;1;54
1630;42776;2;prodC;39;6146;0;2
1631;67064;2;prodC;18;8945;1;45
1632;50308;2;prodC;52;7208;0;33
1633;37433;2;prodC;23;4446;0;23
1634;30084;2;prodC;18;737;0;11
1635;61427;2;prodC;20;2163;0;5
1636;54719;2;prodC;30;2883;0;5
1637;47924;2;prodC;57;6932;0;26
1638;22881;2;prodC;18;1909;0;36
1639;46119;2;prodC;24;2728;0;0
1640;35082;2;prodC;41;2918;0;9
1641;38387;2;prodC;30;6454;1;59
1642;57414;2;prodC;44;9421;0;10
1643;28198;2;prodC;62;4371;0;29
1644;50118;2;prodC;33;3599;0;4
1645;34876;2;prodC;53;3102;0;12
1646;64126;2;prodC;19;4957;0;31
1647;41917;2;prodC;48;6106;0;2
1648;50052;2;prodC;27;5589;0;19
1649;39159;2;prodC;41;6888;0;33
1650;62219;2;prodC;20;5832;0;4
1651;67151;2;prodC;52;3942;0;28
1652;46166;2;prodC;26;902;0;31
1653;23882;2;prodC;33;1191;0;0
1654;48445;2;prodC;39;8733;0;28
1655;32442;2;prodC;59;841;0;14
1656;33820;2;prodC;61;4342;0;27
1657;61813;2;prodC;53;3124;0;35
1658;25348;2;prodC;62;2189;0;32
1659;33966;2;prodC;44;3124;0;34
1660;23642;2;prodC;57;4204;0;1
1661;50661;2;prodC;52;7511;0;11
1662;44037;2;prodC;58;5270;0;9
1663;51657;2;prodC;35;609;0;27
1664;46573;2;prodC;53;5533;0;25
1665;26922;2;prodC;44;3950;0;22
1666;48414;2;prodC;22;2106;0;36
1667;43975;2;prodC;47;8371;0;38
1668;65914;2;prodC;23;12972;1;56
1669;64716;2;prodC;61;11174;0;5
1670;25482;2;prodC;48;4006;0;33
1671;54171;2;prodC;37;1049;0;39
1672;51654;2;prodC;20;1853;0;19
1673;66055;2;prodC;39;10321;0;0
1674;60019;2;prodC;19;6978;0;35
1675;31524;2;prodC;62;5697;0;36
1676;65661;2;prodC;22;93;0;11
1677;61893;2;prodC;19;6038;0;39
1678;49230;2;prodC;48;8376;0;19
1679;38338;2;prodC;56;5691;0;23
1680;64016;2;prodC;44;10048;0;14
1681;46309;2;prodC;41;6815;0;10
1682;66209;2;prodC;45;7135;0;18
1683;47771;2;prodC;34;5367;0;14
1684;29856;2;prodC;18;4732;1;48
1685;21452;2;prodC;52;1719;0;25
1686;59673;2;prodC;57;7534;0;34
1687;47481;2;prodC;21;9403;1;54
1688;36220;2;prodC;57;4281;0;32
1689;59459;2;prodC;56;1513;0;10
1690;67011;2;prodC;52;11647;0;33
1691;58693;2;prodC;27;4033;0;25
1692;43041;2;prodC;47;2246;0;28
1693;31920;2;prodC;52;217;0;22
1694;32771;2;prodC;59;1854;0;22
1695;55487;2;prodC;32;179;0;18
1696;68407;2;prodC;46;2491;0;19
1697;37277;2;prodC;28;4243;0;40
1698;39763;2;prodC;26;3809;0;14
1699;41674;2;prodC;55;3203;0;36
1700;25790;2;prodC;45;4442;0;17
1701;24575;2;prodC;37;1668;0;2
1702;58082;2;prodC;60;9176;0;14
1703;67882;2;prodC;53;10504;0;28
1704;50115;2;prodC;27;3447;0;8
1705;40443;2;prodC;34;1857;0;26
1706;65825;2;prodC;20;155;0;6
1707;51200;2;prodC;22;4065;0;24
1708;67032;2;prodC;44;5488;0;25
1709;42206;2;prodC;23;2445;0;37
1710;37730;2;prodC;52;5274;0;35
1711;47398;2;prodC;50;9042;0;6
1712;48933;2;prodC;50;5071;0;29
1713;53079;2;prodC;49;10566;0;13
1714;53237;2;prodC;58;704;0;21
1715;58122;2;prodC;58;5161;0;27
1716;57261;2;prodC;40;2528;0;12
1717;52103;2;prodC;19;8800;1;48
1718;45166;2;prodC;38;5535;0;14
1719;58809;2;prodC;37;5471;0;26
1720;36598;2;prodC;42;6849;0;4
1721;62096;2;prodC;25;8035;1;60
1722;68114;2;prodC;47;4325;0;17
1723;67978;2;prodC;23;7383;0;33
1724;26616;2;prodC;53;3458;0;8
1725;51254;2;prodC;51;8747;0;29
1726;34429;2;prodC;27;6017;1;47
1727;60975;2;prodC;34;6166;0;12
1728;63331;2;prodC;30;5171;0;17
1729;58168;2;prodC;27;2935;0;24
1730;59580;2;prodC;51;2319;0;26
1731;52220;2;prodC;48;6560;0;0
1732;28701;2;prodC;29;5090;1;59
1733;27194;2;prodC;21;4519;1;45
1734;67418;2;prodC;30;6478;0;18
1735;57341;2;prodC;23;785;0;0
1736;64057;2;prodC;49;5983;0;31
1737;66371;2;prodC;38;5906;0;15
1738;45045;2;prodC;59;8489;0;13
1739;58609;2;prodC;22;4271;0;36
1740;53289;2;prodC;32;7396;1;41
1741;60309;2;prodC;34;2343;0;2
1742;45139;2;prodC;20;1744;0;8
1743;22816;2;prodC;62;2749;0;12
1744;45215;2;prodC;28;384;0;3
1745;40568;2;prodC;36;5990;0;28
1746;43721;2;prodC;55;5923;0;23
1747;38130;2;prodC;19;3965;0;27
1748;22548;2;prodC;58;2957;0;10
1749;57468;2;prodC;62;8453;0;20
1750;25535;2;prodC;38;1085;0;24
1751;26326;2;prodC;56;3336;0;7
1752;65914;2;prodC;36;11739;0;10
1753;67119;2;prodC;18;2725;0;24
1754;62020;2;prodC;57;114;0;23
1755;37966;2;prodC;28;299;0;40
1756;62115;2;prodC;31;12116;1;54
1757;36871;2;prodC;46;793;0;11
1758;65031;2;prodC;37;2232;0;38
1759;23194;2;prodC;42;549;0;14
1760;59569;2;prodC;41;7685;0;25
1761;50528;2;prodC;27;5639;0;31
1762;60776;2;prodC;34;10382;1;50
1763;61632;2;prodC;34;3029;0;22
1764;45930;2;prodC;50;7765;0;17
1765;25858;2;prodC;42;1810;0;19
1766;55094;2;prodC;55;6485;0;0
1767;42301;2;prodC;20;1481;0;37
1768;51904;2;prodC;60;8808;0;36
1769;64398;2;prodC;36;1675;0;11
1770;41090;2;prodC;58;997;0;39
1771;36728;2;prodC;25;795;0;18
1772;38163;2;prodC;63;454;0;5
1773;35950;2;prodC;57;3680;0;29
1774;44980;2;prodC;33;6045;1;48
1775;48212;2;prodC;31;2606;0;22
1776;28267;2;prodC;55;965;0;27
1777;33816;2;prodC;60;5266;0;36
1778;33079;2;prodC;36;6278;0;31
1779;36020;2;prodC;43;2988;0;12
1780;34239;2;prodC;63;6003;0;2
1781;62065;2;prodC;23;2972;0;28
1782;44868;2;prodC;56;366;0;10
1783;37163;2;prodC;29;3111;0;21
1784;65681;2;prodC;63;8838;0;30
1785;58773;2;prodC;47;7048;0;30
1786;32435;2;prodC;43;5685;0;8
1787;58028;2;prodC;50;5754;0;34
1788;60595;2;prodC;62;4534;0;36
1789;36566;2;prodC;20;1888;0;38
1790;20743;2;prodC;62;2296;0;1
1791;46667;2;prodC;19;7678;1;50
1792;32204;2;prodC;61;838;0;31
1793;36535;2;prodC;30;272;0;22
1794;28163;2;prodC;58;2121;0;38
1795;39019;2;prodC;32;3197;0;36
1796;24709;2;prodC;55;1915;0;27
1797;43053;2;prodC;32;489;0;38
1798;25004;2;prodC;53;2184;0;17
1799;46697;2;prodC;34;4733;0;19
1800;50112;2;prodC;41;5067;0;12
1801;43266;2;prodC;45;6194;0;1
1802;67803;2;prodC;49;13443;0;0
1803;55409;2;prodC;43;10300;0;8
1804;67049;2;prodC;55;10840;0;28
1805;40263;2;prodC;52;6536;0;12
1806;46428;2;prodC;62;5671;0;21
1807;46911;2;prodC;23;4264;0;11
1808;57360;2;prodC;35;10011;1;42
1809;34569;2;prodC;64;6255;0;18
1810;52797;2;prodC;21;1080;0;2
1811;56630;2;prodC;58;8443;0;40
1812;45246;2;prodC;36;1974;0;1
1813;20804;2;prodC;62;758;0;13
1814;57718;2;prodC;49;3153;0;16
1815;20648;2;prodC;20;725;0;30
1816;59046;2;prodC;37;8237;0;8
1817;62662;2;prodC;25;1966;0;11
1818;33614;2;prodC;46;4838;0;10
1819;48765;2;prodC;50;5184;0;19
1820;57241;2;prodC;42;314;0;0
1821;49974;2;prodC;44;364;0;12
1822;41256;2;prodC;46;5297;0;2
1823;61130;2;prodC;35;11303;0;1
1824;48939;2;prodC;60;3029;0;26
1825;68648;2;prodC;28;9426;1;50
1826;41251;2;prodC;39;7652;0;10
1827;22416;2;prodC;41;4372;0;20
1828;24113;2;prodC;36;3286;0;28
1829;41693;2;prodC;62;1709;0;37
1830;23517;2;prodC;27;560;0;22
1831;53812;2;prodC;45;3245;0;37
1832;29750;2;prodC;46;3628;0;1
1833;22634;2;prodC;38;554;0;7
1834;28714;2;prodC;55;1937;0;36
1835;63322;2;prodC;19;8093;1;45
1836;35277;2;prodC;29;6820;1;52
1837;35915;2;prodC;61;521;0;10
1838;31568;2;prodC;64;5067;0;30
1839;39934;2;prodC;32;185;0;12
1840;48615;2;prodC;61;5985;0;10
1841;29838;2;prodC;26;5914;1;47
1842;57745;2;prodC;37;5540;0;20
1843;44448;2;prodC;33;2714;0;15
1844;51768;2;prodC;31;6632;1;60
1845;34891;2;prodC;55;6152;0;32
1846;45383;2;prodC;43;2742;0;39
1847;40719;2;prodC;23;6415;1;57
1848;55146;2;prodC;58;8969;0;38
1849;48752;2;prodC;31;8935;1;54
1850;55763;2;prodC;31;7914;1;58
1851;36431;2;prodC;46;6783;0;18
1852;40523;2;prodC;64;7721;0;28
1853;42466;2;prodC;58;7315;0;13
1854;38562;2;prodC;46;4831;0;30
1855;54957;2;prodC;60;6976;0;34
1856;24822;2;prodC;29;2361;0;10
1857;25252;2;prodC;24;435;0;21
1858;25672;2;prodC;19;2272;0;21
1859;60672;2;prodC;43;6280;0;8
1860;60730;2;prodC;41;5007;0;33
1861;40241;2;prodC;27;7499;1;43
1862;57514;2;prodC;33;6921;1;44
1863;64287;2;prodC;46;6302;0;40
1864;48428;2;prodC;34;7718;1;51
1865;55314;2;prodC;25;9733;1;48
1866;27045;2;prodC;50;2504;0;17
1867;58216;2;prodC;27;9582;1;59
1868;34723;2;prodC;22;4073;0;36
1869;58504;2;prodC;42;7050;0;1
1870;55300;2;prodC;62;8052;0;1
1871;49502;2;prodC;51;2227;0;6
1872;61766;2;prodC;60;3650;0;35
1873;48431;2;prodC;19;6070;1;46
1874;66367;2;prodC;42;465;0;12
1875;55321;2;prodC;29;5991;0;3
1876;48774;2;prodC;63;3728;0;20
1877;61680;2;prodC;24;3060;0;15
1878;61485;2;prodC;60;3212;0;27
1879;24402;2;prodC;52;101;0;17
1880;21259;2;prodC;54;707;0;13
1881;48764;2;prodC;28;8172;1;60
1882;24407;2;prodC;38;1733;0;36
1883;61694;2;prodC;26;1569;0;20
1884;22748;2;prodC;27;109;0;34
1885;21480;2;prodC;24;1098;0;8
1886;51287;2;prodC;46;1134;0;1
1887;27154;2;prodC;49;3178;0;33
1888;36370;2;prodC;40;2855;0;4
1889;32401;2;prodC;62;3592;0;29
1890;60434;2;prodC;63;2474;0;20
1891;57303;2;prodC;52;10492;0;26
1892;42995;2;prodC;36;4454;0;15
1893;68340;2;prodC;23;2506;0;31
1894;49292;2;prodC;21;967;0;3
1895;57802;2;prodC;43;6797;0;11
1896;50779;2;prodC;39;6860;0;10
1897;35994;2;prodC;54;94;0;16
1898;21771;2;prodC;34;350;0;36
1899;61415;2;prodC;57;9744;0;4
1900;35785;2;prodC;47;110;0;9
1901;24791;2;prodC;40;4845;0;24
1902;49049;2;prodC;52;6363;0;12
1903;69852;2;prodC;62;9246;0;25
1904;21218;2;prodC;21;2691;1;41
1905;48031;2;prodC;44;7826;0;25
1906;64072;2;prodC;61;2426;0;28
1907;56689;2;prodC;41;5741;0;26
1908;45769;2;prodC;56;8236;0;23
1909;35020;2;prodC;25;6833;1;54
1910;56752;2;prodC;59;7877;0;7
1911;27364;2;prodC;44;3215;0;33
1912;48456;2;prodC;27;1781;0;14
1913;21424;2;prodC;37;1795;0;0
1914;69992;2;prodC;42;53;0;9
1915;68110;2;prodC;32;11030;1;43
1916;48016;2;prodC;28;54;0;39
1917;23102;2;prodC;36;1780;0;40
1918;46135;2;prodC;55;8717;0;10
1919;48548;2;prodC;57;1941;0;13
1920;26095;2;prodC;58;5143;0;7
1921;64058;2;prodC;60;5774;0;39
1922;24454;2;prodC;52;865;0;3
1923;40507;2;prodC;52;5962;0;1
1924;43421;2;prodC;27;4706;0;17
1925;55882;2;prodC;33;8383;1;42
1926;45918;2;prodC;45;8253;0;32
1927;52902;2;prodC;60;729;0;11
1928;41184;2;prodC;56;7607;0;39
1929;25380;2;prodC;25;4693;1;58
1930;27514;2;prodC;36;192;0;13
1931;44241;2;prodC;20;8733;1;48
1932;29076;2;prodC;41;286;0;18
1933;60537;2;prodC;32;3133;0;36
1934;47882;2;prodC;38;5576;0;28
1935;49144;2;prodC;52;1633;0;22
1936;33708;2;prodC;60;322;0;30
1937;46442;2;prodC;29;1485;0;1
1938;25603;2;prodC;28;2215;0;39
1939;61236;2;prodC;36;6563;0;9
1940;48187;2;prodC;56;2003;0;32
1941;29933;2;prodC;19;5954;1;55
1942;41028;2;prodC;45;4369;0;6
1943;49991;2;prodC;46;1897;0;29
1944;59793;2;prodC;24;660;0;40
1945;35880;2;prodC;41;5335;0;34
1946;29102;2;prodC;27;1890;0;11
1947;30048;2;prodC;51;5769;0;13
1948;59299;2;prodC;37;4944;0;1
1949;64484;2;prodC;33;1392;0;6
1950;36352;2;prodC;44;6239;0;7
1951;66035;2;prodC;61;3914;0;24
1952;51650;2;prodC;40;3743;0;20
1953;31898;2;prodC;41;2015;0;31
1954;58780;2;prodC;19;5030;0;27
1955;67754;2;prodC;43;2990;0;22
1956;48500;2;prodC;61;7055;0;58
1957;55705;2;prodC;49;5594;0;38
1958;50459;2;prodC;52;9853;0;30
1959;48263;2;prodC;29;7799;1;58
1960;38755;2;prodC;56;4245;0;10
1961;68132;2;prodC;57;7813;0;45
1962;28991;2;prodC;37;1249;0;13
1963;35109;2;prodC;41;4003;0;3
1964;28859;2;prodC;24;3765;1;58
1965;22801;2;prodC;28;3741;1;48
1966;29573;2;prodC;39;5006;0;45
1967;21982;2;prodC;35;4265;1;49
1968;45577;2;prodC;39;4953;0;16
1969;55069;2;prodC;52;4853;0;13
1970;56441;2;prodC;43;9044;0;51
1971;68048;2;prodC;48;4023;0;26
1972;36276;2;prodC;30;644;0;33
1973;52389;2;prodC;55;10399;0;27
1974;23678;2;prodC;47;1780;0;14
1975;37708;2;prodC;31;268;0;57
1976;57754;2;prodC;54;5067;0;11
1977;30530;2;prodC;48;6047;0;14
1978;44022;2;prodC;31;1708;0;0
1979;58534;2;prodC;41;7832;0;0
1980;33703;2;prodC;48;922;0;0
1981;40237;2;prodC;53;4354;0;0
1982;62619;2;prodC;44;3960;0;0
1983;50738;2;prodC;46;9720;0;0
1984;64467;2;prodC;33;8537;1;58
1985;64636;2;prodC;61;2583;0;0
1986;22372;2;prodC;39;2292;0;0
1987;67995;2;prodC;39;7289;0;0
1988;49640;2;prodC;21;5761;0;0
1989;42067;2;prodC;24;4602;0;0
1990;43662;2;prodC;25;7270;1;51
1991;34238;2;prodC;34;2658;0;0
1992;26300;2;prodC;46;2317;0;0
1993;30804;2;prodC;23;623;0;0
1994;54421;2;prodC;27;3274;0;0
1995;24255;2;prodC;38;2225;0;0
1996;59221;2;prodC;49;1927;0;0
1997;69516;2;prodC;23;3503;0;0
1998;44311;2;prodC;28;5523;1;53
1999;43756;2;prodC;64;1623;0;0
2000;69437;2;prodC;56;7379;0;0
